portfolio,date,datetime,action,symbol,price,shares,value,market_cap
Top-1,2005-01-03,2005-01-03 09:30:00,BUY,AIG,687.6288,145.427294,100000.00,89503070000
Top-1,2007-07-13,2007-07-13 09:30:00,BUY,AAPL,4.0559,26636.457515,108033.57,97843203360
Top-1,2007-07-13,2007-07-13 09:30:00,SELL,AIG,743.1898,145.427294,108080.09,96870248000
Top-1,2007-08-10,2007-08-10 09:30:00,BUY,AIG,677.0809,147.918922,100153.08,90073800000
Top-1,2007-08-10,2007-08-10 09:30:00,SELL,AAPL,3.7094,26636.457515,98805.73,88862426240
Top-1,2007-08-13,2007-08-13 09:30:00,BUY,AAPL,3.8568,26537.134979,102349.54,90753116160
Top-1,2007-08-13,2007-08-13 09:30:00,SELL,AIG,696.0941,147.918922,102965.49,90227672000
Top-1,2007-08-14,2007-08-14 09:30:00,BUY,AIG,695.1279,142.396119,98983.51,88346000000
Top-1,2007-08-14,2007-08-14 09:30:00,SELL,AAPL,3.8563,26537.134979,102335.10,88153417520
Top-1,2007-08-22,2007-08-22 09:30:00,BUY,AAPL,3.9463,25702.686290,101431.60,94061823520
Top-1,2007-08-22,2007-08-22 09:30:00,SELL,AIG,710.2923,142.396119,101142.86,92886528000
Top-1,2007-08-23,2007-08-23 09:30:00,BUY,AIG,715.6391,141.507902,101268.58,93430296000
Top-1,2007-08-23,2007-08-23 09:30:00,SELL,AAPL,3.9989,25702.686290,102783.29,93116478560
Top-1,2007-08-24,2007-08-24 09:30:00,BUY,AAPL,3.9267,26020.447912,102175.78,96188849680
Top-1,2007-08-24,2007-08-24 09:30:00,SELL,AIG,713.5045,141.507902,100966.53,94155320000
Top-1,2007-08-28,2007-08-28 09:30:00,BUY,AIG,713.5010,138.945714,99137.91,90853592000
Top-1,2007-08-28,2007-08-28 09:30:00,SELL,AAPL,3.9362,26020.447912,102420.62,90044107440
Top-1,2007-08-29,2007-08-29 09:30:00,BUY,AAPL,3.9038,25140.357068,98142.92,95243504720
Top-1,2007-08-29,2007-08-29 09:30:00,SELL,AIG,699.6111,138.945714,97207.97,92106736000
Top-1,2018-12-12,2018-12-12 09:30:00,BUY,AMZN,83.4500,12134.854196,1012653.58,798528000000
Top-1,2018-12-12,2018-12-12 09:30:00,SELL,AAPL,40.5849,25140.357068,1020317.94,798410342240
Top-1,2018-12-13,2018-12-13 09:30:00,BUY,AAPL,40.6057,24780.334193,1006222.11,807131805760
Top-1,2018-12-13,2018-12-13 09:30:00,SELL,AMZN,84.0000,12134.854196,1019327.75,796032000000
Top-1,2019-01-02,2019-01-02 09:30:00,BUY,AMZN,73.2600,12725.036478,932236.17,749590400000
Top-1,2019-01-02,2019-01-02 09:30:00,SELL,AAPL,36.8958,24780.334193,914290.39,745685130960
Top-1,2019-02-04,2019-02-04 09:30:00,BUY,AAPL,39.8753,26062.594783,1039253.73,808519311320
Top-1,2019-02-04,2019-02-04 09:30:00,SELL,AMZN,81.1500,12725.036478,1032636.71,795465800000
Top-1,2019-05-13,2019-05-13 09:30:00,BUY,AMZN,91.8300,12658.082623,1162391.73,887606200000
Top-1,2019-05-13,2019-05-13 09:30:00,SELL,AAPL,45.0803,26062.594783,1174909.41,884039256800
Top-1,2019-05-14,2019-05-14 09:30:00,BUY,AAPL,44.7625,26018.895342,1164670.18,898112527480
Top-1,2019-05-14,2019-05-14 09:30:00,SELL,AMZN,91.9700,12658.082623,1164163.86,896177400000
Top-1,2019-05-15,2019-05-15 09:30:00,BUY,AMZN,91.4000,13052.148265,1192966.35,911274400000
Top-1,2019-05-15,2019-05-15 09:30:00,SELL,AAPL,44.7357,26018.895342,1163973.25,908816141800
Top-1,2019-06-03,2019-06-03 09:30:00,BUY,AAPL,42.1675,26195.604948,1104603.31,824971162960
Top-1,2019-06-03,2019-06-03 09:30:00,SELL,AMZN,88.0000,13052.148265,1148589.05,824296200000
Top-1,2019-07-09,2019-07-09 09:30:00,BUY,AMZN,97.3900,12999.626113,1266033.59,968350800000
Top-1,2019-07-09,2019-07-09 09:30:00,SELL,AAPL,47.8401,26195.604948,1253199.62,957973481640
Top-1,2019-07-18,2019-07-18 09:30:00,BUY,AAPL,48.9866,26242.554543,1285533.03,978984280120
Top-1,2019-07-18,2019-07-18 09:30:00,SELL,AMZN,99.0000,12999.626113,1286962.99,963188600000
Top-2,2005-01-03,2005-01-03 09:30:00,BUY,AIG,687.6288,72.713647,50000.00,89503070000
Top-2,2005-01-03,2005-01-03 09:30:00,BUY,AMGN,44.3947,1126.261087,50000.00,56495950000
Top-2,2006-11-21,2006-11-21 09:30:00,BUY,AIG,762.0301,73.612954,56095.29,98839223000
Top-2,2006-11-21,2006-11-21 09:30:00,BUY,AAPL,2.6263,21358.817931,56095.29,62865439840
Top-2,2006-11-21,2006-11-21 09:30:00,SELL,AMGN,50.6221,1126.261087,57013.75,62380920000
Top-2,2006-12-21,2006-12-21 09:30:00,BUY,AIG,767.0331,71.347460,54725.86,99254743000
Top-2,2006-12-21,2006-12-21 09:30:00,BUY,AMGN,47.9253,1141.898631,54725.86,59167320000
Top-2,2006-12-21,2006-12-21 09:30:00,SELL,AAPL,2.5405,21358.817931,54261.50,58847723760
Top-2,2006-12-29,2006-12-29 09:30:00,BUY,AIG,763.8450,70.865231,54130.06,98854805000
Top-2,2006-12-29,2006-12-29 09:30:00,BUY,AAPL,2.5248,21439.747772,54130.06,60265741200
Top-2,2006-12-29,2006-12-29 09:30:00,SELL,AMGN,47.0809,1141.898631,53761.66,58388640000
Top-2,2008-02-11,2008-02-11 09:30:00,BUY,AAPL,3.8479,15270.494465,58759.34,94171781569
Top-2,2008-02-11,2008-02-11 09:30:00,BUY,AMX,20.0772,2926.674348,58759.34,72125748000
Top-2,2008-02-11,2008-02-11 09:30:00,SELL,AIG,522.4479,70.865231,37023.39,62227412500
Top-2,2008-10-21,2008-10-21 09:30:00,BUY,AAPL,2.9098,12949.053485,37678.97,67882651881
Top-2,2008-10-21,2008-10-21 09:30:00,BUY,AMGN,36.2661,1038.959296,37678.97,40424230000
Top-2,2008-10-21,2008-10-21 09:30:00,SELL,AMX,11.7993,2926.674348,34532.64,40069860000
Top-2,2009-04-02,2009-04-02 09:30:00,BUY,AAPL,3.3059,11777.686917,38935.63,83680796319
Top-2,2009-04-02,2009-04-02 09:30:00,BUY,AMX,9.7002,4013.899894,38935.63,35383480000
Top-2,2009-04-02,2009-04-02 09:30:00,SELL,AMGN,33.9792,1038.959296,35303.04,34989000000
Top-2,2009-04-06,2009-04-06 09:30:00,BUY,AAPL,3.4506,12019.770228,41475.31,87877178435
Top-2,2009-04-06,2009-04-06 09:30:00,BUY,AMGN,32.1258,1291.029356,41475.31,35395600000
Top-2,2009-04-06,2009-04-06 09:30:00,SELL,AMX,10.5297,4013.899894,42265.15,34972840000
Top-2,2009-04-09,2009-04-09 09:30:00,BUY,AAPL,3.5564,12071.047959,42929.11,88617716456
Top-2,2009-04-09,2009-04-09 09:30:00,BUY,AMX,10.3980,4128.588743,42929.11,36923380000
Top-2,2009-04-09,2009-04-09 09:30:00,SELL,AMGN,33.2736,1291.029356,42957.21,35395600000
Top-2,2009-04-27,2009-04-27 09:30:00,BUY,AAPL,3.6994,11982.616371,44328.95,92567252565
Top-2,2009-04-27,2009-04-27 09:30:00,BUY,AMGN,34.1675,1297.399603,44328.95,37129000000
Top-2,2009-04-27,2009-04-27 09:30:00,SELL,AMX,10.3930,4128.588743,42908.39,35965220000
Top-2,2009-04-29,2009-04-29 09:30:00,BUY,AAPL,3.7516,12106.854572,45419.93,92814098572
Top-2,2009-04-29,2009-04-29 09:30:00,BUY,AMX,11.3709,3994.397845,45419.93,39900520000
Top-2,2009-04-29,2009-04-29 09:30:00,SELL,AMGN,35.0480,1297.399603,45471.20,37760300000
Top-2,2009-12-02,2009-12-02 09:30:00,BUY,AAPL,5.9842,11638.653867,69647.63,147526390724
Top-2,2009-12-02,2009-12-02 09:30:00,BUY,AMZN,6.9600,10006.843489,69647.63,60150600000
Top-2,2009-12-02,2009-12-02 09:30:00,SELL,AMX,17.2335,3994.397845,68837.49,58139780000
Top-2,2009-12-04,2009-12-04 09:30:00,BUY,AAPL,6.0037,11365.359684,68233.83,145275988153
Top-2,2009-12-04,2009-12-04 09:30:00,BUY,AMX,17.1743,3973.010414,68233.83,58413540000
Top-2,2009-12-04,2009-12-04 09:30:00,SELL,AMZN,7.1700,10006.843489,71749.07,58204800000
Top-2,2009-12-08,2009-12-08 09:30:00,BUY,AAPL,5.6932,11460.304081,65245.30,142775540853
Top-2,2009-12-08,2009-12-08 09:30:00,BUY,AMZN,6.7200,9709.122450,65245.30,56766600000
Top-2,2009-12-08,2009-12-08 09:30:00,SELL,AMX,16.9765,3973.010414,67447.67,56497220000
Top-2,2009-12-09,2009-12-09 09:30:00,BUY,AAPL,5.7465,11473.369291,65931.57,148526569644
Top-2,2009-12-09,2009-12-09 09:30:00,BUY,AMX,16.5122,3992.889440,65931.57,56770980000
Top-2,2009-12-09,2009-12-09 09:30:00,SELL,AMZN,6.7300,9709.122450,65342.39,55582200000
Top-2,2009-12-23,2009-12-23 09:30:00,BUY,AAPL,6.0448,11305.953370,68341.98,151777151134
Top-2,2009-12-23,2009-12-23 09:30:00,BUY,AMZN,6.7400,10139.760037,68341.98,58797000000
Top-2,2009-12-23,2009-12-23 09:30:00,SELL,AMX,16.7900,3992.889440,67040.61,57455380000
Top-2,2010-01-07,2010-01-07 09:30:00,BUY,AAPL,6.3637,10801.559515,68737.56,158278314115
Top-2,2010-01-07,2010-01-07 09:30:00,BUY,AMX,17.1432,4009.608833,68737.56,57095072000
Top-2,2010-01-07,2010-01-07 09:30:00,SELL,AMZN,6.6000,10139.760037,66922.42,56290000000
Top-2,2010-01-08,2010-01-08 09:30:00,BUY,AAPL,6.3195,10973.429040,69346.71,159278493035
Top-2,2010-01-08,2010-01-08 09:30:00,BUY,AMZN,6.5300,10619.710265,69346.71,57848800000
Top-2,2010-01-08,2010-01-08 09:30:00,SELL,AMX,17.3735,4009.608833,69660.85,57062334000
Top-2,2010-01-11,2010-01-11 09:30:00,BUY,AAPL,6.3941,10828.899004,69241.42,157778224655
Top-2,2010-01-11,2010-01-11 09:30:00,BUY,AMX,17.4321,3972.053410,69241.42,57717094000
Top-2,2010-01-11,2010-01-11 09:30:00,SELL,AMZN,6.6300,10619.710265,70408.68,56463200000
Top-2,2010-01-14,2010-01-14 09:30:00,BUY,AAPL,6.3068,10696.654732,67461.86,157278135195
Top-2,2010-01-14,2010-01-14 09:30:00,BUY,AMZN,6.4600,10443.011849,67461.86,55164200000
Top-2,2010-01-14,2010-01-14 09:30:00,SELL,AMX,16.8765,3972.053410,67034.51,55065316000
Top-2,2010-02-01,2010-02-01 09:30:00,BUY,AAPL,5.7827,10774.183530,62303.46,146276167073
Top-2,2010-02-01,2010-02-01 09:30:00,BUY,AMX,15.5722,4000.949543,62303.46,51627826000
Top-2,2010-02-01,2010-02-01 09:30:00,SELL,AMZN,6.1600,10443.011849,64328.95,51440400000
Top-2,2010-02-08,2010-02-08 09:30:00,BUY,AAPL,5.8805,10555.951802,62074.02,145776077613
Top-2,2010-02-08,2010-02-08 09:30:00,BUY,AMZN,5.9700,10397.658834,62074.02,50574400000
Top-2,2010-02-08,2010-02-08 09:30:00,SELL,AMX,15.6339,4000.949543,62550.50,50187354000
Top-2,2010-02-09,2010-02-09 09:30:00,BUY,AAPL,5.9000,10476.805318,61813.15,147526390724
Top-2,2010-02-09,2010-02-09 09:30:00,BUY,AMX,15.6059,3960.892545,61813.15,51136756000
Top-2,2010-02-09,2010-02-09 09:30:00,SELL,AMZN,5.9100,10397.658834,61450.16,51094000000
Top-2,2010-02-10,2010-02-10 09:30:00,BUY,AAPL,5.8852,10391.502527,61156.30,146526211803
Top-2,2010-02-10,2010-02-10 09:30:00,BUY,AMZN,5.9000,10365.475127,61156.30,50834200000
Top-2,2010-02-10,2010-02-10 09:30:00,SELL,AMX,15.6131,3960.892545,61841.96,50351044000
Top-2,2010-02-16,2010-02-16 09:30:00,BUY,AAPL,6.0679,10254.013890,62220.54,152777330054
Top-2,2010-02-16,2010-02-16 09:30:00,BUY,AMX,15.9868,3892.001465,62220.54,53101036000
Top-2,2010-02-16,2010-02-16 09:30:00,SELL,AMZN,6.0000,10365.475127,62192.85,50920800000
Top-2,2010-02-24,2010-02-24 09:30:00,BUY,AAPL,5.9543,10329.826173,61506.98,150776972214
Top-2,2010-02-24,2010-02-24 09:30:00,BUY,AMZN,5.9000,10424.912439,61506.98,51873400000
Top-2,2010-02-24,2010-02-24 09:30:00,SELL,AMX,15.6352,3892.001465,60852.14,51464136000
Top-2,2010-02-25,2010-02-25 09:30:00,BUY,AAPL,5.9353,10472.369986,62156.64,151777151134
Top-2,2010-02-25,2010-02-25 09:30:00,BUY,AMX,15.5004,4010.011200,62156.64,51300446000
Top-2,2010-02-25,2010-02-25 09:30:00,SELL,AMZN,5.9100,10424.912439,61611.23,51180600000
Top-2,2010-03-01,2010-03-01 09:30:00,BUY,AAPL,6.1874,10398.840417,64341.78,157028090465
Top-2,2010-03-01,2010-03-01 09:30:00,BUY,AMZN,5.9400,10831.949431,64341.78,53951800000
Top-2,2010-03-01,2010-03-01 09:30:00,SELL,AMX,15.9020,4010.011200,63767.31,51365922000
Top-2,2010-03-17,2010-03-17 09:30:00,BUY,AAPL,6.7653,10439.641565,70627.05,168530148047
Top-2,2010-03-17,2010-03-17 09:30:00,BUY,AMX,17.2233,4100.665211,70627.05,56964120000
Top-2,2010-03-17,2010-03-17 09:30:00,SELL,AMZN,6.6200,10831.949431,71707.51,56896200000
Top-2,2010-03-18,2010-03-18 09:30:00,BUY,AAPL,6.7332,10525.295169,70868.57,168780192777
Top-2,2010-03-18,2010-03-18 09:30:00,BUY,AMZN,6.5500,10819.629155,70868.57,57502400000
Top-2,2010-03-18,2010-03-18 09:30:00,SELL,AMX,17.3305,4100.665211,71066.76,56898644000
Top-2,2010-03-19,2010-03-19 09:30:00,BUY,AAPL,6.7557,10424.721416,70426.48,167029879667
Top-2,2010-03-19,2010-03-19 09:30:00,BUY,AMX,17.3978,4048.019037,70426.48,56702216000
Top-2,2010-03-19,2010-03-19 09:30:00,SELL,AMZN,6.6900,10819.629155,72383.32,56463200000
Top-2,2010-03-25,2010-03-25 09:30:00,BUY,AAPL,6.9447,10191.198652,70774.66,170280461157
Top-2,2010-03-25,2010-03-25 09:30:00,BUY,AMZN,6.4600,10955.830083,70774.66,58368400000
Top-2,2010-03-25,2010-03-25 09:30:00,SELL,AMX,17.5289,4048.019037,70957.38,57062334000
Top-2,2010-04-01,2010-04-01 09:30:00,BUY,AAPL,7.1321,10127.135553,72227.26,177281713598
Top-2,2010-04-01,2010-04-01 09:30:00,BUY,AMX,17.8447,4047.555012,72227.26,58535544000
Top-2,2010-04-01,2010-04-01 09:30:00,SELL,AMZN,6.7900,10955.830083,74390.09,57069400000
Top-2,2010-04-08,2010-04-08 09:30:00,BUY,AAPL,7.2268,10033.633593,72511.33,180282250359
Top-2,2010-04-08,2010-04-08 09:30:00,BUY,AMZN,6.7400,10758.356900,72511.33,61053000000
Top-2,2010-04-08,2010-04-08 09:30:00,SELL,AMX,17.9667,4047.555012,72721.20,58240902000
Top-2,2010-04-30,2010-04-30 09:30:00,BUY,AAPL,8.1027,9414.558318,76283.18,196285113081
Top-2,2010-04-30,2010-04-30 09:30:00,BUY,AMX,18.3384,4159.750166,76283.18,59550422000
Top-2,2010-04-30,2010-04-30 09:30:00,SELL,AMZN,7.0700,10758.356900,76061.58,59407600000
Top-2,2010-05-06,2010-05-06 09:30:00,BUY,AAPL,7.6357,9159.861163,69942.16,185033100230
Top-2,2010-05-06,2010-05-06 09:30:00,BUY,AMZN,6.5000,10760.331873,69942.16,55770400000
Top-2,2010-05-06,2010-05-06 09:30:00,SELL,AMX,17.3675,4159.750166,72244.60,55261744000
Top-2,2010-05-07,2010-05-07 09:30:00,BUY,AAPL,7.3258,9022.632043,66097.74,177281713598
Top-2,2010-05-07,2010-05-07 09:30:00,BUY,AMX,16.8581,3920.827501,66097.74,55490910000
Top-2,2010-05-07,2010-05-07 09:30:00,SELL,AMZN,6.4000,10760.331873,68866.12,54125000000
Top-2,2010-05-25,2010-05-25 09:30:00,BUY,AAPL,7.1933,9069.850095,65242.35,184282966039
Top-2,2010-05-25,2010-05-25 09:30:00,BUY,AMZN,5.9300,11002.082881,65242.35,54038400000
Top-2,2010-05-25,2010-05-25 09:30:00,SELL,AMX,15.9807,3920.827501,62657.71,53428416000
Top-2,2010-05-26,2010-05-26 09:30:00,BUY,AAPL,7.5168,8936.391612,67172.77,183532831849
Top-2,2010-05-26,2010-05-26 09:30:00,BUY,AMX,16.5996,4046.649625,67172.77,53788534000
Top-2,2010-05-26,2010-05-26 09:30:00,SELL,AMZN,6.2500,11002.082881,68763.02,53345600000
Top-2,2010-08-25,2010-08-25 09:30:00,BUY,AAPL,7.1569,9247.737505,66184.79,182532652929
Top-2,2010-08-25,2010-08-25 09:30:00,BUY,AMZN,6.1900,10692.211313,66184.79,54904400000
Top-2,2010-08-25,2010-08-25 09:30:00,SELL,AMX,16.5261,4046.649625,66875.27,54312342000
Top-2,2010-08-27,2010-08-27 09:30:00,BUY,AAPL,7.2600,9285.142693,67410.14,181532474009
Top-2,2010-08-27,2010-08-27 09:30:00,BUY,AMX,16.5228,4079.814680,67410.14,54999840000
Top-2,2010-08-27,2010-08-27 09:30:00,SELL,AMZN,6.2700,10692.211313,67040.16,54817800000
Top-2,2010-09-01,2010-09-01 09:30:00,BUY,AAPL,7.4359,9432.817861,70141.34,188033636990
Top-2,2010-09-01,2010-09-01 09:30:00,BUY,AMZN,6.3200,11098.312703,70141.34,57329200000
Top-2,2010-09-01,2010-09-01 09:30:00,SELL,AMX,16.8294,4079.814680,68660.70,56538526000
Top-2,2010-12-31,2010-12-31 09:30:00,BUY,AAPL,9.6984,9861.863472,95644.41,246755205266
Top-2,2010-12-31,2010-12-31 09:30:00,BUY,AMX,20.2316,4727.467931,95644.41,80837460000
Top-2,2010-12-31,2010-12-31 09:30:00,SELL,AMZN,9.1000,11098.312703,100994.65,80460000000
Top-2,2011-01-03,2011-01-03 09:30:00,BUY,AAPL,9.7822,9987.304822,97698.24,252102841294
Top-2,2011-01-03,2011-01-03 09:30:00,BUY,AMZN,9.0700,10771.581322,97698.24,82337400000
Top-2,2011-01-03,2011-01-03 09:30:00,SELL,AMX,20.5587,4727.467931,97190.54,81706680000
Top-2,2011-01-07,2011-01-07 09:30:00,BUY,AAPL,10.0411,9995.153456,100362.17,257195827986
Top-2,2011-01-07,2011-01-07 09:30:00,BUY,AMX,20.9672,4786.628698,100362.17,83208060000
Top-2,2011-01-07,2011-01-07 09:30:00,SELL,AMZN,9.3900,10771.581322,101145.15,82873800000
Top-2,2011-01-12,2011-01-12 09:30:00,BUY,AAPL,10.3163,9809.168016,101194.73,263562061352
Top-2,2011-01-12,2011-01-12 09:30:00,BUY,AMZN,9.2700,10916.367500,101194.73,82248000000
Top-2,2011-01-12,2011-01-12 09:30:00,SELL,AMX,21.0626,4786.628698,100818.65,81667170000
Top-2,2011-01-20,2011-01-20 09:30:00,BUY,AAPL,10.1178,9756.554983,98715.31,254649334640
Top-2,2011-01-20,2011-01-20 09:30:00,BUY,AMX,20.7629,4754.400045,98715.31,82457370000
Top-2,2011-01-20,2011-01-20 09:30:00,SELL,AMZN,9.2600,10916.367500,101085.56,81354000000
Top-2,2011-01-27,2011-01-27 09:30:00,BUY,AAPL,10.3268,9584.761594,98980.10,262543464014
Top-2,2011-01-27,2011-01-27 09:30:00,BUY,AMZN,8.8700,11158.973777,98980.10,82426800000
Top-2,2011-01-27,2011-01-27 09:30:00,SELL,AMX,20.7726,4754.400045,98761.11,80916480000
Top-2,2011-01-28,2011-01-28 09:30:00,BUY,AAPL,10.3441,9296.469365,96163.45,257195827986
Top-2,2011-01-28,2011-01-28 09:30:00,BUY,AMX,20.4940,4692.276309,96163.45,79138530000
Top-2,2011-01-28,2011-01-28 09:30:00,SELL,AMZN,8.5700,11158.973777,95632.41,76526400000
Top-2,2011-02-08,2011-02-08 09:30:00,BUY,AAPL,10.6295,9186.236462,97645.13,271965489396
Top-2,2011-02-08,2011-02-08 09:30:00,BUY,AMZN,8.8300,11058.338963,97645.13,81801000000
Top-2,2011-02-08,2011-02-08 09:30:00,SELL,AMX,20.3244,4692.276309,95367.74,80837460000
Top-2,2011-02-25,2011-02-25 09:30:00,BUY,AAPL,10.3758,9351.761057,97032.46,266363204033
Top-2,2011-02-25,2011-02-25 09:30:00,BUY,AMX,19.9415,4865.848427,97032.46,79296570000
Top-2,2011-02-25,2011-02-25 09:30:00,SELL,AMZN,8.9500,11058.338963,98972.13,79208400000
Top-2,2011-04-08,2011-04-08 09:30:00,BUY,AAPL,10.2130,9582.012451,97861.25,256431879982
Top-2,2011-04-08,2011-04-08 09:30:00,BUY,AMZN,9.2600,10568.169034,97861.25,82605600000
Top-2,2011-04-08,2011-04-08 09:30:00,SELL,AMX,21.0770,4865.848427,102557.42,82457370000
Top-2,2011-04-11,2011-04-11 09:30:00,BUY,AAPL,10.0410,9584.323031,96236.18,253121438632
Top-2,2011-04-11,2011-04-11 09:30:00,BUY,AMX,20.8772,4609.627839,96236.18,82852470000
Top-2,2011-04-11,2011-04-11 09:30:00,SELL,AMZN,9.2400,10568.169034,97649.88,82248000000
Top-2,2011-04-19,2011-04-19 09:30:00,BUY,AAPL,10.0070,9476.217641,94828.91,258469074660
Top-2,2011-04-19,2011-04-19 09:30:00,BUY,AMZN,8.9200,10631.043759,94828.91,79923600000
Top-2,2011-04-19,2011-04-19 09:30:00,SELL,AMX,20.2613,4609.627839,93397.14,79178040000
Top-2,2013-02-11,2013-02-11 09:30:00,BUY,AAPL,14.5375,9473.671324,137723.52,383200977747
Top-2,2013-02-11,2013-02-11 09:30:00,BUY,AMECX,10.1200,13609.043923,137723.52,111643840000
Top-2,2013-02-11,2013-02-11 09:30:00,SELL,AMZN,13.1600,10631.043759,139904.54,111453333325
Top-2,2013-02-12,2013-02-12 09:30:00,BUY,AAPL,14.6287,9341.965416,136660.54,373516253583
Top-2,2013-02-12,2013-02-12 09:30:00,BUY,AMZN,12.9600,10544.794969,136660.54,112146666658
Top-2,2013-02-12,2013-02-12 09:30:00,SELL,AMECX,10.1500,13609.043923,138131.80,111974800000
Top-2,2013-03-15,2013-03-15 09:30:00,BUY,AAPL,13.3592,9896.880727,132214.08,354146805254
Top-2,2013-03-15,2013-03-15 09:30:00,BUY,AMECX,10.3800,12737.387198,132214.08,114512160000
Top-2,2013-03-15,2013-03-15 09:30:00,SELL,AMZN,13.2500,10544.794969,139718.53,113446666658
Top-2,2013-03-27,2013-03-27 09:30:00,BUY,AAPL,13.9181,9670.929835,134600.78,360952287099
Top-2,2013-03-27,2013-03-27 09:30:00,BUY,AMZN,12.9400,10401.914986,134600.78,115006666658
Top-2,2013-03-27,2013-03-27 09:30:00,SELL,AMECX,10.4200,12737.387198,132723.57,114953440000
Top-2,2013-04-01,2013-04-01 09:30:00,BUY,AAPL,13.4727,9743.852429,131276.41,342368086676
Top-2,2013-04-01,2013-04-01 09:30:00,BUY,AMECX,10.4500,12562.335419,131276.41,115284400000
Top-2,2013-04-01,2013-04-01 09:30:00,SELL,AMZN,13.3500,10401.914986,138865.57,113359999991
Top-2,2013-04-12,2013-04-12 09:30:00,BUY,AAPL,13.2467,9857.355580,130576.95,343153334581
Top-2,2013-04-12,2013-04-12 09:30:00,BUY,AMZN,13.5100,9665.207531,130576.95,118213333324
Top-2,2013-04-12,2013-04-12 09:30:00,SELL,AMECX,10.6200,12562.335419,133412.00,117159840000
Top-2,2013-04-18,2013-04-18 09:30:00,BUY,AAPL,12.3530,9845.878614,121625.86,313052164881
Top-2,2013-04-18,2013-04-18 09:30:00,BUY,AMECX,10.4600,11627.711014,121625.86,115394720000
Top-2,2013-04-18,2013-04-18 09:30:00,SELL,AMZN,13.3400,9665.207531,128933.87,112406666658
Top-2,2013-04-25,2013-04-25 09:30:00,BUY,AAPL,12.5439,9840.672687,123440.71,325877880666
Top-2,2013-04-25,2013-04-25 09:30:00,BUY,AMZN,13.5800,9089.890261,123440.71,119079999991
Top-2,2013-04-25,2013-04-25 09:30:00,SELL,AMECX,10.6900,11627.711014,124300.23,117932080000
Top-2,2013-04-26,2013-04-26 09:30:00,BUY,AAPL,12.4980,9640.653788,120489.28,332945111813
Top-2,2013-04-26,2013-04-26 09:30:00,BUY,AMECX,10.6900,11271.214149,120489.28,117932080000
Top-2,2013-04-26,2013-04-26 09:30:00,SELL,AMZN,13.5000,9089.890261,122713.52,110413333325
Top-2,2013-06-07,2013-06-07 09:30:00,BUY,AAPL,13.3967,9384.453079,125720.98,354932053159
Top-2,2013-06-07,2013-06-07 09:30:00,BUY,AMZN,13.4900,9319.568899,125720.98,119946666657
Top-2,2013-06-07,2013-06-07 09:30:00,SELL,AMECX,10.7100,11271.214149,120714.70,118152720000
Top-2,2014-05-07,2014-05-07 09:30:00,BUY,AAPL,18.6163,8332.434511,155119.28,479839643360
Top-2,2014-05-07,2014-05-07 09:30:00,BUY,AMECX,12.1000,12819.775194,155119.28,134649776712
Top-2,2014-05-07,2014-05-07 09:30:00,SELL,AMZN,14.7800,9319.568899,137743.23,133809600000
Top-2,2014-05-12,2014-05-12 09:30:00,BUY,AAPL,18.4727,8419.904392,155538.42,482948755520
Top-2,2014-05-12,2014-05-12 09:30:00,BUY,AMZN,14.7200,10566.469018,155538.42,138379600000
Top-2,2014-05-12,2014-05-12 09:30:00,SELL,AMECX,12.1500,12819.775194,155760.27,135206180748
Top-2,2014-10-24,2014-10-24 09:30:00,BUY,AAPL,23.2612,7470.824188,173780.00,566445041760
Top-2,2014-10-24,2014-10-24 09:30:00,BUY,AMECX,12.3100,14116.978295,173780.00,136986673663
Top-2,2014-10-24,2014-10-24 09:30:00,SELL,AMZN,14.2200,10566.469018,150255.19,131159000000
Top-2,2014-10-31,2014-10-31 09:30:00,BUY,AAPL,23.8900,7434.544958,177611.28,581537260320
Top-2,2014-10-31,2014-10-31 09:30:00,BUY,AMZN,15.2600,11639.009112,177611.28,139567800000
Top-2,2014-10-31,2014-10-31 09:30:00,SELL,AMECX,12.5200,14116.978295,176744.57,139323570614
Top-2,2014-11-04,2014-11-04 09:30:00,BUY,AAPL,24.1881,7334.028510,177396.18,584701757760
Top-2,2014-11-04,2014-11-04 09:30:00,BUY,AMECX,12.4700,14225.836723,177396.18,138767166578
Top-2,2014-11-04,2014-11-04 09:30:00,SELL,AMZN,15.2000,11639.009112,176912.94,138379600000
Top-2,2014-11-11,2014-11-11 09:30:00,BUY,AAPL,24.1479,7415.101032,179059.04,593221558560
Top-2,2014-11-11,2014-11-11 09:30:00,BUY,AMZN,15.3000,11703.205093,179059.04,142584000000
Top-2,2014-11-11,2014-11-11 09:30:00,SELL,AMECX,12.6100,14225.836723,179387.80,140325097879
Top-2,2014-12-08,2014-12-08 09:30:00,BUY,AAPL,25.3521,7190.038711,182282.60,607826931360
Top-2,2014-12-08,2014-12-08 09:30:00,BUY,AMECX,12.6600,14398.309907,182282.60,140881501915
Top-2,2014-12-08,2014-12-08 09:30:00,SELL,AMZN,15.5800,11703.205093,182335.94,140116200000
Top-2,2014-12-09,2014-12-09 09:30:00,BUY,AAPL,24.4792,7431.404782,181915.08,617077000800
Top-2,2014-12-09,2014-12-09 09:30:00,BUY,AMZN,15.1500,12007.596345,181915.08,142858200000
Top-2,2014-12-09,2014-12-09 09:30:00,SELL,AMECX,12.6100,14398.309907,181562.69,140325097879
Top-2,2014-12-16,2014-12-16 09:30:00,BUY,AAPL,23.6212,7478.688075,176655.33,577155648480
Top-2,2014-12-16,2014-12-16 09:30:00,BUY,AMECX,12.2400,14432.624733,176655.33,136207708013
Top-2,2014-12-16,2014-12-16 09:30:00,SELL,AMZN,15.2200,12007.596345,182755.62,134815000000
Top-2,2014-12-29,2014-12-29 09:30:00,BUY,AAPL,25.2833,7373.800174,186434.29,616103309280
Top-2,2014-12-29,2014-12-29 09:30:00,BUY,AMZN,15.3900,12113.989012,186434.29,142584000000
Top-2,2014-12-29,2014-12-29 09:30:00,SELL,AMECX,12.7200,14432.624733,183582.99,141549186758
Top-2,2015-01-15,2015-01-15 09:30:00,BUY,AAPL,24.4319,7138.547988,174408.01,577642494240
Top-2,2015-01-15,2015-01-15 09:30:00,BUY,AMECX,12.5100,13941.487628,174408.01,133320857141
Top-2,2015-01-15,2015-01-15 09:30:00,SELL,AMZN,14.7000,12113.989012,178075.64,132594000000
Top-2,2015-01-21,2015-01-21 09:30:00,BUY,AAPL,24.2067,7237.476821,175195.45,592491289920
Top-2,2015-01-21,2015-01-21 09:30:00,BUY,AMZN,14.4800,12099.133504,175195.45,137306400000
Top-2,2015-01-21,2015-01-21 09:30:00,SELL,AMECX,12.6700,13941.487628,176638.65,135025999998
Top-3,2005-01-03,2005-01-03 09:30:00,BUY,AIG,687.6288,48.475765,33333.33,89503070000
Top-3,2005-01-03,2005-01-03 09:30:00,BUY,AMGN,44.3947,750.840724,33333.33,56495950000
Top-3,2005-01-03,2005-01-03 09:30:00,BUY,ABT,13.8602,2404.973654,33333.33,21707347870
Top-3,2005-01-04,2005-01-04 09:30:00,BUY,AIG,690.2304,47.987493,33122.42,89801457000
Top-3,2005-01-04,2005-01-04 09:30:00,BUY,AMGN,44.5628,743.275131,33122.42,55593540000
Top-3,2005-01-04,2005-01-04 09:30:00,BUY,ALL,31.1643,1062.832163,33122.42,21500996000
Top-3,2005-01-04,2005-01-04 09:30:00,SELL,ABT,13.9133,2404.973654,33461.14,21488869890
Top-3,2005-01-06,2005-01-06 09:30:00,BUY,AIG,696.9956,47.272117,32948.46,91441934000
Top-3,2005-01-06,2005-01-06 09:30:00,BUY,AMGN,43.3186,760.607108,32948.46,55224950000
Top-3,2005-01-06,2005-01-06 09:30:00,BUY,ABT,13.6672,2410.774414,32948.46,21707347870
Top-3,2005-01-06,2005-01-06 09:30:00,SELL,ALL,30.5970,1062.832163,32519.51,21514908000
Top-3,2005-01-13,2005-01-13 09:30:00,BUY,AIG,693.3493,47.741573,33101.59,89462677000
Top-3,2005-01-13,2005-01-13 09:30:00,BUY,AMGN,44.6641,741.123734,33101.59,56152780000
Top-3,2005-01-13,2005-01-13 09:30:00,BUY,AAPL,1.1088,29853.524580,33101.59,21849513849
Top-3,2005-01-13,2005-01-13 09:30:00,SELL,ABT,14.0655,2410.774414,33908.87,21520081030
Top-3,2005-04-15,2005-04-15 09:30:00,BUY,AIG,535.8476,54.623366,29269.80,69426446000
Top-3,2005-04-15,2005-04-15 09:30:00,BUY,AMGN,41.0451,713.113859,29269.80,52695660000
Top-3,2005-04-15,2005-04-15 09:30:00,BUY,ABT,14.5513,2011.496075,29269.80,23455171710
Top-3,2005-04-15,2005-04-15 09:30:00,SELL,AAPL,1.1021,29853.524580,32900.48,22057604458
Top-3,2005-04-19,2005-04-19 09:30:00,BUY,AIG,533.2376,54.676843,29155.75,70064916000
Top-3,2005-04-19,2005-04-19 09:30:00,BUY,AMGN,40.7659,715.199977,29155.75,51488210000
Top-3,2005-04-19,2005-04-19 09:30:00,BUY,AAPL,1.0932,26670.538033,29155.75,23098057498
Top-3,2005-04-19,2005-04-19 09:30:00,SELL,ABT,14.6649,2011.496075,29498.49,22659287640
Top-3,2005-04-20,2005-04-20 09:30:00,BUY,AIG,537.7232,53.537187,28788.19,69290934000
Top-3,2005-04-20,2005-04-20 09:30:00,BUY,AMGN,40.2553,715.139905,28788.19,51094200000
Top-3,2005-04-20,2005-04-20 09:30:00,BUY,ALL,32.5225,885.176630,28788.19,22690472000
Top-3,2005-04-20,2005-04-20 09:30:00,SELL,AAPL,1.1374,26670.538033,30335.11,22265695066
Top-3,2005-04-21,2005-04-21 09:30:00,BUY,AIG,536.8956,54.178441,29088.17,70500118000
Top-3,2005-04-21,2005-04-21 09:30:00,BUY,AMGN,40.4652,718.843611,29088.17,52072870000
Top-3,2005-04-21,2005-04-21 09:30:00,BUY,AAPL,1.0863,26776.897231,29088.17,23306148106
Top-3,2005-04-21,2005-04-21 09:30:00,SELL,ALL,32.6138,885.176630,28869.00,22787856000
Top-3,2005-04-22,2005-04-22 09:30:00,BUY,AIG,541.0568,53.205042,28786.95,68394470000
Top-3,2005-04-22,2005-04-22 09:30:00,BUY,AMGN,40.5679,709.599624,28786.95,51755120000
Top-3,2005-04-22,2005-04-22 09:30:00,BUY,ALL,32.8623,875.986009,28786.95,23121744000
Top-3,2005-04-22,2005-04-22 09:30:00,SELL,AAPL,1.1121,26776.897231,29779.28,22265695066
Top-3,2005-05-23,2005-05-23 09:30:00,BUY,AIG,557.2200,54.396615,30310.88,72605766000
Top-3,2005-05-23,2005-05-23 09:30:00,BUY,AMGN,42.6042,711.452192,30310.88,54589450000
Top-3,2005-05-23,2005-05-23 09:30:00,BUY,AAPL,1.1397,26595.064280,30310.88,24762782363
Top-3,2005-05-23,2005-05-23 09:30:00,SELL,ALL,34.8838,875.986009,30557.69,24464252000
Top-3,2005-05-31,2005-05-31 09:30:00,BUY,AIG,594.3302,52.683556,31311.43,75458033000
Top-3,2005-05-31,2005-05-31 09:30:00,BUY,AMGN,43.3668,722.013803,31311.43,54996170000
Top-3,2005-05-31,2005-05-31 09:30:00,BUY,ALL,35.5175,881.576859,31311.43,24791184000
Top-3,2005-05-31,2005-05-31 09:30:00,SELL,AAPL,1.2151,26595.064280,32316.75,24762782363
Top-3,2005-06-01,2005-06-01 09:30:00,BUY,AIG,583.1944,53.734411,31337.61,76398799000
Top-3,2005-06-01,2005-06-01 09:30:00,BUY,AMGN,43.5310,719.892498,31337.61,55529990000
Top-3,2005-06-01,2005-06-01 09:30:00,BUY,AAPL,1.2016,26079.958105,31337.61,25178963579
Top-3,2005-06-01,2005-06-01 09:30:00,SELL,ALL,35.5812,881.576859,31367.53,24916392000
Top-3,2005-06-02,2005-06-02 09:30:00,BUY,AIG,588.4272,53.240964,31328.43,76113442000
Top-3,2005-06-02,2005-06-02 09:30:00,BUY,AMGN,43.6529,717.671764,31328.43,55263080000
Top-3,2005-06-02,2005-06-02 09:30:00,BUY,ALL,35.8437,874.027782,31328.43,25145940000
Top-3,2005-06-02,2005-06-02 09:30:00,SELL,AAPL,1.2000,26079.958105,31295.95,24970872971
Top-3,2005-07-19,2005-07-19 09:30:00,BUY,AIG,632.2133,53.848872,34043.97,82663623000
Top-3,2005-07-19,2005-07-19 09:30:00,BUY,AMGN,48.4419,702.778872,34043.97,61973960000
Top-3,2005-07-19,2005-07-19 09:30:00,BUY,AAPL,1.2409,27434.702610,34043.97,27051779052
Top-3,2005-07-19,2005-07-19 09:30:00,SELL,ALL,38.1700,874.027782,33361.64,26551052000
Top-3,2005-08-01,2005-08-01 09:30:00,BUY,AIG,629.9238,57.471257,36202.51,81833612000
Top-3,2005-08-01,2005-08-01 09:30:00,BUY,AMGN,55.1223,656.767619,36202.51,71747950000
Top-3,2005-08-01,2005-08-01 09:30:00,BUY,AMX,7.2444,4997.308780,36202.51,26788496000
Top-3,2005-08-01,2005-08-01 09:30:00,SELL,AAPL,1.2716,27434.702610,34886.90,26635597836
Top-3,2005-08-02,2005-08-02 09:30:00,BUY,AIG,628.0328,58.488691,36732.81,82731379000
Top-3,2005-08-02,2005-08-02 09:30:00,BUY,AMGN,56.4416,650.811363,36732.81,72624940000
Top-3,2005-08-02,2005-08-02 09:30:00,BUY,AAPL,1.2916,28440.690660,36732.81,27051779052
Top-3,2005-08-02,2005-08-02 09:30:00,SELL,AMX,7.3681,4997.308780,36820.88,26677952000
Top-3,2006-05-16,2006-05-16 09:30:00,BUY,AIG,674.2203,62.368600,42050.17,87616287500
Top-3,2006-05-16,2006-05-16 09:30:00,BUY,AMGN,47.9800,876.410451,42050.17,59303280000
Top-3,2006-05-16,2006-05-16 09:30:00,BUY,AMX,12.3238,3412.109056,42050.17,44171010000
Top-3,2006-05-16,2006-05-16 09:30:00,SELL,AAPL,2.0425,28440.690660,58088.88,44140813540
Top-3,2006-05-17,2006-05-17 09:30:00,BUY,AIG,673.1695,60.991945,41057.92,85495837000
Top-3,2006-05-17,2006-05-17 09:30:00,BUY,AMGN,47.6258,862.094694,41057.92,58438080000
Top-3,2006-05-17,2006-05-17 09:30:00,BUY,AAPL,1.9432,21129.285567,41057.92,44367176687
Top-3,2006-05-17,2006-05-17 09:30:00,SELL,AMX,12.4112,3412.109056,42348.40,42633072000
Top-3,2006-06-30,2006-06-30 09:30:00,BUY,AIG,626.1479,60.304956,37759.82,81003027000
Top-3,2006-06-30,2006-06-30 09:30:00,BUY,AMGN,45.1031,837.189293,37759.82,55755960000
Top-3,2006-06-30,2006-06-30 09:30:00,BUY,AMX,11.0865,3405.942562,37759.82,38949174000
Top-3,2006-06-30,2006-06-30 09:30:00,SELL,AAPL,1.7284,21129.285567,36519.65,38934461174
Top-3,2006-07-20,2006-07-20 09:30:00,BUY,AIG,626.8893,60.154670,37710.32,81634098000
Top-3,2006-07-20,2006-07-20 09:30:00,BUY,AMGN,44.3867,849.585999,37710.32,54631200000
Top-3,2006-07-20,2006-07-20 09:30:00,BUY,AAPL,1.8369,20529.865063,37710.32,41198092638
Top-3,2006-07-20,2006-07-20 09:30:00,SELL,AMX,11.5473,3405.942562,39329.46,40129452000
Top-3,2006-08-30,2006-08-30 09:30:00,BUY,AIG,671.5381,60.488771,40620.51,87433199000
Top-3,2006-08-30,2006-08-30 09:30:00,BUY,AMGN,47.6187,853.036119,40620.51,58326840000
Top-3,2006-08-30,2006-08-30 09:30:00,BUY,AMX,12.6676,3206.642831,40620.51,45565884000
Top-3,2006-08-30,2006-08-30 09:30:00,SELL,AAPL,2.0184,20529.865063,41437.69,45498992418
Top-3,2006-08-31,2006-08-31 09:30:00,BUY,AIG,674.9349,59.466234,40135.83,87805868500
Top-3,2006-08-31,2006-08-31 09:30:00,BUY,AMGN,47.4549,845.768410,40135.83,58141440000
Top-3,2006-08-31,2006-08-31 09:30:00,BUY,AAPL,2.0231,19838.382430,40135.83,46178081857
Top-3,2006-08-31,2006-08-31 09:30:00,SELL,AMX,12.7538,3206.642831,40896.97,43920648000
Top-3,2007-02-13,2007-02-13 09:30:00,BUY,AIG,731.1327,61.318914,44832.26,95755328000
Top-3,2007-02-13,2007-02-13 09:30:00,BUY,AAPL,2.5669,17465.612295,44832.26,60265741200
Top-3,2007-02-13,2007-02-13 09:30:00,BUY,AMX,15.4641,2899.111736,44832.26,55954302000
Top-3,2007-02-13,2007-02-13 09:30:00,SELL,AMGN,47.5316,845.768410,40200.72,55954080000
Top-3,2007-02-27,2007-02-27 09:30:00,BUY,AIG,726.6672,59.159230,42989.07,92499240000
Top-3,2007-02-27,2007-02-27 09:30:00,BUY,AAPL,2.5872,16616.060160,42989.07,59556732480
Top-3,2007-02-27,2007-02-27 09:30:00,BUY,AMGN,45.1907,951.282013,42989.07,52249680000
Top-3,2007-02-27,2007-02-27 09:30:00,SELL,AMX,14.4777,2899.111736,41972.41,50706370000
Top-3,2007-03-01,2007-03-01 09:30:00,BUY,AIG,707.9271,59.615868,42203.69,93648064000
Top-3,2007-03-01,2007-03-01 09:30:00,BUY,AAPL,2.5273,16698.916025,42203.69,61920094880
Top-3,2007-03-01,2007-03-01 09:30:00,BUY,AMX,13.9411,3027.276410,42203.69,50670911000
Top-3,2007-03-01,2007-03-01 09:30:00,SELL,AMGN,43.1541,951.282013,41051.72,50179920000
Top-3,2007-03-05,2007-03-05 09:30:00,BUY,AIG,736.9023,58.446886,43069.64,96244328000
Top-3,2007-03-05,2007-03-05 09:30:00,BUY,AAPL,2.5816,16683.372389,43069.64,61211086160
Top-3,2007-03-05,2007-03-05 09:30:00,BUY,AMGN,42.6066,1010.867345,43069.64,50544480000
Top-3,2007-03-05,2007-03-05 09:30:00,SELL,AMX,13.9193,3027.276410,42137.44,49146174000
Top-3,2007-03-08,2007-03-08 09:30:00,BUY,AIG,744.1487,58.540917,43563.15,96356472000
Top-3,2007-03-08,2007-03-08 09:30:00,BUY,AAPL,2.6568,16396.754961,43563.15,62392767360
Top-3,2007-03-08,2007-03-08 09:30:00,BUY,AMX,14.2164,3064.295676,43563.15,51273714000
Top-3,2007-03-08,2007-03-08 09:30:00,SELL,AMGN,43.0177,1010.867345,43485.15,50556240000
Top-3,2008-07-02,2008-07-02 09:30:00,BUY,AAPL,5.2601,9721.672466,51136.64,122253855250
Top-3,2008-07-02,2008-07-02 09:30:00,BUY,AMX,17.7390,2882.730197,51136.64,61440452000
Top-3,2008-07-02,2008-07-02 09:30:00,BUY,AMGN,33.5349,1524.877936,51136.64,37721090000
Top-3,2008-07-02,2008-07-02 09:30:00,SELL,AIG,291.3352,58.540917,17055.03,37627260000
Top-3,2008-07-23,2008-07-23 09:30:00,BUY,AAPL,4.9579,10347.159157,51300.31,121043421040
Top-3,2008-07-23,2008-07-23 09:30:00,BUY,AMX,16.9239,3031.237412,51300.31,59050320000
Top-3,2008-07-23,2008-07-23 09:30:00,BUY,AIG,307.2269,166.978560,51300.31,42339715000
Top-3,2008-07-23,2008-07-23 09:30:00,SELL,AMGN,37.7395,1524.877936,57548.17,41652930000
Top-3,2008-07-24,2008-07-24 09:30:00,BUY,AAPL,4.9399,10020.649074,49500.95,115717510514
Top-3,2008-07-24,2008-07-24 09:30:00,BUY,AMX,16.7875,2948.675600,49500.95,57046827000
Top-3,2008-07-24,2008-07-24 09:30:00,BUY,AMGN,36.6837,1349.398249,49500.95,41585910000
Top-3,2008-07-24,2008-07-24 09:30:00,SELL,AIG,328.8836,166.978560,54916.51,38583710000
Top-3,2009-04-22,2009-04-22 09:30:00,BUY,AAPL,3.6836,9890.563281,36433.28,90098792497
Top-3,2009-04-22,2009-04-22 09:30:00,BUY,AMX,10.5415,3456.183344,36433.28,35554580000
Top-3,2009-04-22,2009-04-22 09:30:00,BUY,AMZN,3.9100,9317.974423,36433.28,33501600000
Top-3,2009-04-22,2009-04-22 09:30:00,SELL,AMGN,31.9990,1349.398249,43179.34,33373300000
Top-3,2009-04-23,2009-04-23 09:30:00,BUY,AAPL,3.8037,9817.506668,37342.46,93060944579
Top-3,2009-04-23,2009-04-23 09:30:00,BUY,AMX,10.4986,3556.910355,37342.46,36820720000
Top-3,2009-04-23,2009-04-23 09:30:00,BUY,AMGN,31.1905,1197.239396,37342.46,34646600000
Top-3,2009-04-23,2009-04-23 09:30:00,SELL,AMZN,4.0700,9317.974423,37924.16,34093800000
Top-3,2009-10-23,2009-10-23 09:30:00,BUY,AAPL,6.1889,8834.007534,54673.16,153277419515
Top-3,2009-10-23,2009-10-23 09:30:00,BUY,AMX,16.4957,3314.390244,54673.16,55162640000
Top-3,2009-10-23,2009-10-23 09:30:00,BUY,AMZN,5.5500,9851.020355,54673.16,50083200000
Top-3,2009-10-23,2009-10-23 09:30:00,SELL,AMGN,39.2618,1197.239396,47005.77,41558800000
Top-3,2012-12-31,2012-12-31 09:30:00,BUY,AAPL,15.4778,6937.392561,107375.29,422463373008
Top-3,2012-12-31,2012-12-31 09:30:00,BUY,AMZN,12.1900,8808.473393,107375.29,108679999992
Top-3,2012-12-31,2012-12-31 09:30:00,BUY,AMECX,9.8100,10945.493441,107375.29,108223920000
Top-3,2012-12-31,2012-12-31 09:30:00,SELL,AMX,16.6079,3314.390244,55044.95,64083955000
Top-3,2020-01-13,2020-01-13 09:30:00,BUY,AAPL,75.3536,6890.479578,519222.71,1415643191040
Top-3,2020-01-13,2020-01-13 09:30:00,BUY,AMZN,94.5700,5490.353332,519222.71,934351600000
Top-3,2020-01-13,2020-01-13 09:30:00,BUY,ADBE,341.5400,1520.239839,519222.71,168076758330
Top-3,2020-01-13,2020-01-13 09:30:00,SELL,AMECX,17.6300,10945.493441,192969.05,166670814531
Top-3,2020-01-15,2020-01-15 09:30:00,BUY,AAPL,75.4057,6857.206687,517072.75,1390522174080
Top-3,2020-01-15,2020-01-15 09:30:00,BUY,AMZN,93.6100,5523.691373,517072.75,919828000000
Top-3,2020-01-15,2020-01-15 09:30:00,BUY,AMECX,17.6700,29262.747563,517072.75,167048967258
Top-3,2020-01-15,2020-01-15 09:30:00,SELL,ADBE,346.4200,1520.239839,526641.49,166768635540
Top-3,2020-01-16,2020-01-16 09:30:00,BUY,AAPL,75.8235,6860.021791,520150.69,1407885229920
Top-3,2020-01-16,2020-01-16 09:30:00,BUY,AMZN,94.1500,5524.701913,520150.69,927732000000
Top-3,2020-01-16,2020-01-16 09:30:00,BUY,ADBE,345.9800,1503.412582,520150.69,167955185580
Top-3,2020-01-16,2020-01-16 09:30:00,SELL,AMECX,17.7400,29262.747563,519121.14,167710734531
Top-3,2020-03-25,2020-03-25 09:30:00,BUY,AAPL,60.7699,7618.930465,463001.46,1099044492000
Top-3,2020-03-25,2020-03-25 09:30:00,BUY,AMZN,96.0300,4821.425190,463001.46,931585200000
Top-3,2020-03-25,2020-03-25 09:30:00,BUY,AEVA,5906.2500,78.391782,463001.46,249727767188
Top-3,2020-03-25,2020-03-25 09:30:00,SELL,ADBE,308.0000,1503.412582,463051.08,148761279810
Top-3,2020-03-27,2020-03-27 09:30:00,BUY,AAPL,61.2517,5002.034157,306382.88,1109019013440
Top-3,2020-03-27,2020-03-27 09:30:00,BUY,AMZN,96.5400,3173.636603,306382.88,938600000000
Top-3,2020-03-27,2020-03-27 09:30:00,BUY,ADBE,311.7000,982.941581,306382.88,148722370208
Top-3,2020-03-27,2020-03-27 09:30:00,SELL,AEVA,46.8500,78.391782,3672.65,1980909358
Top-3,2020-03-30,2020-03-30 09:30:00,BUY,AAPL,60.7808,5119.687638,311178.50,1140789711360
Top-3,2020-03-30,2020-03-30 09:30:00,BUY,AMZN,96.1400,3236.722536,311178.50,970216000000
Top-3,2020-03-30,2020-03-30 09:30:00,BUY,AEVA,5856.2500,53.136137,311178.50,247613669688
Top-3,2020-03-30,2020-03-30 09:30:00,SELL,ADBE,308.8900,982.941581,303620.82,154830191490
Top-3,2020-04-01,2020-04-01 09:30:00,BUY,AAPL,59.7472,3390.447261,202569.83,1078541309040
Top-3,2020-04-01,2020-04-01 09:30:00,BUY,AMZN,96.6500,2095.911375,202569.83,942453200000
Top-3,2020-04-01,2020-04-01 09:30:00,BUY,ADBE,307.0000,659.836614,202569.83,146475707733
Top-3,2020-04-01,2020-04-01 09:30:00,SELL,AEVA,0.3800,53.136137,20.19,15898013
Top-3,2022-02-16,2022-02-16 09:30:00,BUY,AAPL,168.8920,2410.848813,407173.20,2832201705760
Top-3,2022-02-16,2022-02-16 09:30:00,BUY,AMZN,155.7900,2613.602895,407173.20,1599972000000
Top-3,2022-02-16,2022-02-16 09:30:00,BUY,ABBV,128.1198,3178.067208,407173.20,228542400000
Top-3,2022-02-16,2022-02-16 09:30:00,SELL,ADBE,476.4850,659.836614,314402.25,227862900000
Top-3,2023-06-14,2023-06-14 09:30:00,BUY,AAPL,181.5557,2149.908732,390328.27,2953413341190
Top-3,2023-06-14,2023-06-14 09:30:00,BUY,AMZN,126.7000,3080.728236,390328.27,1288093380000
Top-3,2023-06-14,2023-06-14 09:30:00,BUY,ADBE,476.1500,819.759043,390328.27,225379099530
Top-3,2023-06-14,2023-06-14 09:30:00,SELL,ABBV,128.7225,3178.067208,409088.78,223730430000
Top-3,2023-06-21,2023-06-21 09:30:00,BUY,AAPL,183.0707,2125.900411,389190.08,2953575500820
Top-3,2023-06-21,2023-06-21 09:30:00,BUY,AMZN,125.6400,3097.660591,389190.08,1271892870000
Top-3,2023-06-21,2023-06-21 09:30:00,BUY,ABBV,126.8080,3069.128803,389190.08,224757610000
Top-3,2023-06-21,2023-06-21 09:30:00,SELL,ADBE,492.0000,819.759043,403321.45,224415600000
Top-3,2023-06-23,2023-06-23 09:30:00,BUY,AAPL,183.7112,2141.737725,393461.20,2997196441290
Top-3,2023-06-23,2023-06-23 09:30:00,BUY,AMZN,129.1100,3047.488218,393461.20,1317743370000
Top-3,2023-06-23,2023-06-23 09:30:00,BUY,ADBE,472.9500,831.929810,393461.20,227818400000
Top-3,2023-06-23,2023-06-23 09:30:00,SELL,ABBV,127.3197,3069.128803,390760.52,223216840000
Top-3,2023-07-27,2023-07-27 09:30:00,BUY,AAPL,194.0722,2109.424359,409380.58,3102113721900
Top-3,2023-07-27,2023-07-27 09:30:00,BUY,AMZN,131.0000,3125.042573,409380.58,1306739250000
Top-3,2023-07-27,2023-07-27 09:30:00,BUY,ABBV,135.4627,3022.089898,409380.58,247160760000
Top-3,2023-07-27,2023-07-27 09:30:00,SELL,ADBE,523.1600,831.929810,435232.38,241565886370
Top-3,2023-07-31,2023-07-31 09:30:00,BUY,AAPL,194.1139,2149.694590,417285.54,3154004803500
Top-3,2023-07-31,2023-07-31 09:30:00,BUY,AMZN,133.2000,3132.774315,417285.54,1362065520000
Top-3,2023-07-31,2023-07-31 09:30:00,BUY,ADBE,541.8700,770.084248,417285.54,256699892010
Top-3,2023-07-31,2023-07-31 09:30:00,SELL,ABBV,141.0369,3022.089898,426226.27,248365040000
Top-3,2023-08-03,2023-08-03 09:30:00,BUY,AAPL,189.6660,2133.676746,404685.99,3069195317010
Top-3,2023-08-03,2023-08-03 09:30:00,BUY,AMZN,127.4800,3174.505695,404685.99,1313463990000
Top-3,2023-08-03,2023-08-03 09:30:00,BUY,ABBV,139.6656,2897.534832,404685.99,247497250000
Top-3,2023-08-03,2023-08-03 09:30:00,SELL,ADBE,523.0000,770.084248,402754.06,246167200000
Top-3,2023-08-04,2023-08-04 09:30:00,BUY,AAPL,183.6851,2230.031389,409623.51,2921954372970
Top-3,2023-08-04,2023-08-04 09:30:00,BUY,AMZN,141.0600,2903.895558,409623.51,1422078730000
Top-3,2023-08-04,2023-08-04 09:30:00,BUY,ADBE,526.7400,777.657872,409623.51,247633600000
Top-3,2023-08-04,2023-08-04 09:30:00,SELL,ABBV,139.6726,2897.534832,404706.25,245301210000
Top-3,2023-08-07,2023-08-07 09:30:00,BUY,AAPL,180.3275,2254.850061,406611.56,2871522728040
Top-3,2023-08-07,2023-08-07 09:30:00,BUY,AMZN,140.9900,2883.974488,406611.56,1449079580000
Top-3,2023-08-07,2023-08-07 09:30:00,BUY,ABBV,138.7654,2930.208924,406611.56,249622450000
Top-3,2023-08-07,2023-08-07 09:30:00,SELL,ADBE,530.0000,777.657872,412158.67,248973100000
Top-3,2023-08-23,2023-08-23 09:30:00,BUY,AAPL,176.9923,2259.638404,399938.49,2911900475910
Top-3,2023-08-23,2023-08-23 09:30:00,BUY,AMZN,134.5000,2973.520344,399938.49,1380813280000
Top-3,2023-08-23,2023-08-23 09:30:00,BUY,ADBE,522.7300,765.095721,399938.49,249433700000
Top-3,2023-08-23,2023-08-23 09:30:00,SELL,ABBV,139.3908,2930.208924,408444.05,244220900000
Top-3,2023-08-24,2023-08-24 09:30:00,BUY,AAPL,179.1233,2194.447563,393076.63,2835685449810
Top-3,2023-08-24,2023-08-24 09:30:00,BUY,AMZN,136.4000,2881.793475,393076.63,1343317760000
Top-3,2023-08-24,2023-08-24 09:30:00,BUY,ABBV,137.7519,2853.511423,393076.63,243477080000
Top-3,2023-08-24,2023-08-24 09:30:00,SELL,ADBE,539.0000,765.095721,412386.59,240842100000
Top-3,2023-08-25,2023-08-25 09:30:00,BUY,AAPL,175.8605,2208.310485,388354.67,2871522728040
Top-3,2023-08-25,2023-08-25 09:30:00,BUY,AMZN,132.4700,2931.642382,388354.67,1357786140000
Top-3,2023-08-25,2023-08-25 09:30:00,BUY,ADBE,514.9200,754.203889,388354.67,246778200000
Top-3,2023-08-25,2023-08-25 09:30:00,SELL,ABBV,137.8394,2853.511423,393326.28,243565630000
Top-3,2023-09-15,2023-09-15 09:30:00,BUY,AAPL,174.9674,2274.000978,397876.04,2813631740130
Top-3,2023-09-15,2023-09-15 09:30:00,BUY,AMZN,142.6900,2788.394704,397876.04,1430433710000
Top-3,2023-09-15,2023-09-15 09:30:00,BUY,ABBV,143.2488,2777.516938,397876.04,252597730000
Top-3,2023-09-15,2023-09-15 09:30:00,SELL,ADBE,532.1100,754.203889,401319.43,248578300000
Top-3,2023-10-06,2023-10-06 09:30:00,BUY,AAPL,172.3116,2211.122202,381002.01,2770512329070
Top-3,2023-10-06,2023-10-06 09:30:00,BUY,AMZN,124.1600,3068.637289,381002.01,1303784440000
Top-3,2023-10-06,2023-10-06 09:30:00,BUY,ADBE,513.2200,742.375601,381002.01,247539600000
Top-3,2023-10-06,2023-10-06 09:30:00,SELL,ABBV,137.3492,2777.516938,381489.72,246151290000
Top-3,2023-10-26,2023-10-26 09:30:00,BUY,AAPL,168.9102,2199.508547,371519.39,2605040461260
Top-3,2023-10-26,2023-10-26 09:30:00,BUY,AMZN,120.6300,3079.825815,371519.39,1218298730000
Top-3,2023-10-26,2023-10-26 09:30:00,BUY,ABBV,137.1780,2708.300937,371519.39,243512500000
Top-3,2023-10-26,2023-10-26 09:30:00,SELL,ADBE,530.0000,742.375601,393459.07,241711600000
Top-3,2023-10-27,2023-10-27 09:30:00,BUY,AAPL,165.4812,2249.107376,372185.02,2625822846180
Top-3,2023-10-27,2023-10-27 09:30:00,BUY,AMZN,126.2000,2949.168136,372185.02,1301542860000
Top-3,2023-10-27,2023-10-27 09:30:00,BUY,ADBE,517.5000,719.198104,372185.02,238816400000
Top-3,2023-10-27,2023-10-27 09:30:00,SELL,ABBV,131.4085,2708.300937,355893.73,232992760000
Top-3,2024-01-02,2024-01-02 09:30:00,BUY,AAPL,185.7890,2285.463421,424614.01,2901504330990
Top-3,2024-01-02,2024-01-02 09:30:00,BUY,AMZN,151.5400,2801.992920,424614.01,1544878720000
Top-3,2024-01-02,2024-01-02 09:30:00,BUY,ABBV,146.6811,2894.811541,424614.01,267569120000
Top-3,2024-01-02,2024-01-02 09:30:00,SELL,ADBE,589.5100,719.198104,423974.47,265091990000
Top-3,2024-01-16,2024-01-16 09:30:00,BUY,AAPL,180.8406,2382.750126,430898.07,2870173311300
Top-3,2024-01-16,2024-01-16 09:30:00,BUY,AMZN,153.5300,2806.605057,430898.07,1578160640000
Top-3,2024-01-16,2024-01-16 09:30:00,BUY,ADBE,592.8300,726.849306,430898.07,273139760000
Top-3,2024-01-16,2024-01-16 09:30:00,SELL,ABBV,154.8580,2894.811541,448284.77,272943840000
Top-3,2024-01-17,2024-01-17 09:30:00,BUY,AAPL,179.9503,2391.728730,430392.22,2855216291850
Top-3,2024-01-17,2024-01-17 09:30:00,BUY,AMZN,151.4900,2841.060268,430392.22,1563219840000
Top-3,2024-01-17,2024-01-17 09:30:00,BUY,ABBV,154.6328,2783.318482,430392.22,273880880000
Top-3,2024-01-17,2024-01-17 09:30:00,SELL,ADBE,591.9900,726.849306,430287.52,272417700000
Top-3,2024-01-19,2024-01-19 09:30:00,BUY,AAPL,187.9562,2366.852516,444864.56,2994080409270
Top-3,2024-01-19,2024-01-19 09:30:00,BUY,AMZN,153.8300,2891.923296,444864.56,1600623360000
Top-3,2024-01-19,2024-01-19 09:30:00,BUY,AMD,165.8000,2683.139690,444864.56,281207220000
Top-3,2024-01-19,2024-01-19 09:30:00,SELL,ABBV,156.6978,2783.318482,436140.00,278495360000
Top-3,2024-01-22,2024-01-22 09:30:00,BUY,AAPL,190.9016,2364.978183,451478.03,3030449582880
Top-3,2024-01-22,2024-01-22 09:30:00,BUY,AMZN,156.8900,2877.672452,451478.03,1594853120000
Top-3,2024-01-22,2024-01-22 09:30:00,BUY,ABBV,157.2118,2871.782838,451478.03,279556160000
Top-3,2024-01-22,2024-01-22 09:30:00,SELL,AMD,174.3900,2683.139690,467912.73,271442520000
Top-3,2024-01-24,2024-01-24 09:30:00,BUY,AAPL,194.0033,2334.915276,452981.34,3040053563790
Top-3,2024-01-24,2024-01-24 09:30:00,BUY,AMZN,157.8000,2870.604184,452981.34,1616388480000
Top-3,2024-01-24,2024-01-24 09:30:00,BUY,AMD,172.5500,2625.217851,452981.34,287760060000
Top-3,2024-01-24,2024-01-24 09:30:00,SELL,ABBV,160.3939,2871.782838,460616.51,277576000000
Top-3,2024-01-29,2024-01-29 09:30:00,BUY,AAPL,190.6180,2403.033135,458061.30,2996756928540
Top-3,2024-01-29,2024-01-29 09:30:00,BUY,AMZN,159.3400,2874.741422,458061.30,1661623040000
Top-3,2024-01-29,2024-01-29 09:30:00,BUY,ADBE,615.7100,743.956243,458061.30,288015110000
Top-3,2024-01-29,2024-01-29 09:30:00,SELL,AMD,178.7700,2625.217851,469310.20,287017620000
Top-3,2024-02-05,2024-02-05 09:30:00,BUY,AAPL,186.7866,2509.806735,468798.25,2933465119920
Top-3,2024-02-05,2024-02-05 09:30:00,BUY,AMZN,170.2000,2754.396311,468798.25,1754874240000
Top-3,2024-02-05,2024-02-05 09:30:00,BUY,ABBV,162.3724,2887.178803,468798.25,289474640000
Top-3,2024-02-05,2024-02-05 09:30:00,SELL,ADBE,633.0300,743.956243,470946.62,288138500000
Top-3,2024-02-29,2024-02-29 09:30:00,BUY,AAPL,180.1769,2633.930538,474573.34,2828608541460
Top-3,2024-02-29,2024-02-29 09:30:00,BUY,AMZN,173.0100,2743.039967,474573.34,1821335040000
Top-3,2024-02-29,2024-02-29 09:30:00,BUY,AMD,179.8200,2639.157740,474573.34,310743420000
Top-3,2024-02-29,2024-02-29 09:30:00,SELL,ABBV,170.0500,2887.178803,490964.71,297572080000
Top-3,2024-03-14,2024-03-14 09:30:00,BUY,AAPL,171.8705,2786.845509,478976.65,2707377962760
Top-3,2024-03-14,2024-03-14 09:30:00,BUY,AMZN,177.6900,2695.574570,478976.65,1841840000000
Top-3,2024-03-14,2024-03-14 09:30:00,BUY,ABBV,172.2357,2780.936375,478976.65,306270640000
Top-3,2024-03-14,2024-03-14 09:30:00,SELL,AMD,192.9200,2639.157740,509146.31,301914840000
Top-3,2024-03-15,2024-03-15 09:30:00,BUY,AAPL,170.1387,2784.502308,473751.70,2701395154980
Top-3,2024-03-15,2024-03-15 09:30:00,BUY,AMZN,176.6400,2682.018246,473751.70,1797223680000
Top-3,2024-03-15,2024-03-15 09:30:00,BUY,AMD,184.8300,2563.175366,473751.70,308370840000
Top-3,2024-03-15,2024-03-15 09:30:00,SELL,ABBV,171.9338,2780.936375,478137.05,300666080000
Top-3,2024-03-19,2024-03-19 09:30:00,BUY,AAPL,173.2905,2739.373260,474707.29,2755555309620
Top-3,2024-03-19,2024-03-19 09:30:00,BUY,AMZN,174.2200,2724.757736,474707.29,1812473600000
Top-3,2024-03-19,2024-03-19 09:30:00,BUY,ABBV,170.3546,2786.582721,474707.29,303671680000
Top-3,2024-03-19,2024-03-19 09:30:00,SELL,AMD,183.1600,2563.175366,469471.20,292811880000
Top-3,2024-05-24,2024-05-24 09:30:00,BUY,AAPL,187.9454,2541.203030,477607.35,2977234082100
Top-3,2024-05-24,2024-05-24 09:30:00,BUY,AMZN,181.6500,2629.272512,477607.35,1862448000000
Top-3,2024-05-24,2024-05-24 09:30:00,BUY,AMD,161.4100,2958.970026,477607.35,268505040000
Top-3,2024-05-24,2024-05-24 09:30:00,SELL,ABBV,152.8044,2786.582721,425802.08,267940400000
Top-3,2024-05-31,2024-05-31 09:30:00,BUY,AAPL,190.5537,2526.051141,481348.52,3012816044160
Top-3,2024-05-31,2024-05-31 09:30:00,BUY,AMZN,178.3000,2699.655172,481348.52,1818037760000
Top-3,2024-05-31,2024-05-31 09:30:00,BUY,ABBV,151.1608,3184.346712,481348.52,275083120000
Top-3,2024-05-31,2024-05-31 09:30:00,SELL,AMD,166.6500,2958.970026,493112.35,269376600000
Top-3,2024-07-08,2024-07-08 09:30:00,BUY,AAPL,226.0334,2392.688411,540827.49,3570161821560
Top-3,2024-07-08,2024-07-08 09:30:00,BUY,AMZN,200.0400,2703.596723,540827.49,2053484160000
Top-3,2024-07-08,2024-07-08 09:30:00,BUY,AMD,174.9000,3092.209769,540827.49,288405660000
Top-3,2024-07-08,2024-07-08 09:30:00,SELL,ABBV,160.6993,3184.346712,511722.28,284082240000
Top-3,2024-07-09,2024-07-09 09:30:00,BUY,AAPL,226.8735,2396.620769,543729.69,3583701860220
Top-3,2024-07-09,2024-07-09 09:30:00,BUY,AMZN,199.4000,2726.828915,543729.69,2053999360000
Top-3,2024-07-09,2024-07-09 09:30:00,BUY,ABBV,161.1661,3373.722413,543729.69,286698880000
Top-3,2024-07-09,2024-07-09 09:30:00,SELL,AMD,177.9700,3092.209769,550320.57,285839400000
Top-3,2024-07-10,2024-07-10 09:30:00,BUY,AAPL,228.2371,2406.789932,549318.66,3651087168900
Top-3,2024-07-10,2024-07-10 09:30:00,BUY,AMZN,200.0000,2746.593278,549318.66,2058636160000
Top-3,2024-07-10,2024-07-10 09:30:00,BUY,AMD,179.9900,3051.939861,549318.66,296911440000
Top-3,2024-07-10,2024-07-10 09:30:00,SELL,ABBV,161.5842,3373.722413,545140.14,286858000000
Top-3,2024-07-16,2024-07-16 09:30:00,BUY,AAPL,233.9092,2329.334938,544852.79,3679899111630
Top-3,2024-07-16,2024-07-16 09:30:00,BUY,AMZN,195.5900,2785.688375,544852.79,1988878080000
Top-3,2024-07-16,2024-07-16 09:30:00,BUY,ABBV,164.1857,3318.515307,544852.79,291313360000
Top-3,2024-07-16,2024-07-16 09:30:00,SELL,AMD,179.6900,3051.939861,548403.07,286565700000
